pair_label,prompt_id,stage,stage_key,decode_step,left_capture_root,right_capture_root,left_runtime,right_runtime,thc_detected,thc_first_mismatch_index,thc_first_mismatch_checkpoint,tstc_detected,tstc_first_mismatch_index,tstc_first_mismatch_checkpoint,localization_label
current_mixed_stack,eval_001,prefill,prefill,0,/Users/siyuan/Developer/Veriedge/VeriEdge/workspace/captures/E1/t4_final_current_mixed_40_200_left_eval,/Users/siyuan/Developer/Veriedge/VeriEdge/workspace/captures/E1/t4_final_current_mixed_40_200_right_eval,hetero_qwen_torch_chain,hetero_qwen_torch_chain,True,0,C1,False,-1,,N/A
current_mixed_stack,eval_002,prefill,prefill,0,/Users/siyuan/Developer/Veriedge/VeriEdge/workspace/captures/E1/t4_final_current_mixed_40_200_left_eval,/Users/siyuan/Developer/Veriedge/VeriEdge/workspace/captures/E1/t4_final_current_mixed_40_200_right_eval,hetero_qwen_torch_chain,hetero_qwen_torch_chain,True,0,C1,False,-1,,N/A
current_mixed_stack,eval_003,prefill,prefill,0,/Users/siyuan/Developer/Veriedge/VeriEdge/workspace/captures/E1/t4_final_current_mixed_40_200_left_eval,/Users/siyuan/Developer/Veriedge/VeriEdge/workspace/captures/E1/t4_final_current_mixed_40_200_right_eval,hetero_qwen_torch_chain,hetero_qwen_torch_chain,True,0,C1,True,2,C3,N/A
current_mixed_stack,eval_004,prefill,prefill,0,/Users/siyuan/Developer/Veriedge/VeriEdge/workspace/captures/E1/t4_final_current_mixed_40_200_left_eval,/Users/siyuan/Developer/Veriedge/VeriEdge/workspace/captures/E1/t4_final_current_mixed_40_200_right_eval,hetero_qwen_torch_chain,hetero_qwen_torch_chain,True,0,C1,False,-1,,N/A
current_mixed_stack,eval_005,prefill,prefill,0,/Users/siyuan/Developer/Veriedge/VeriEdge/workspace/captures/E1/t4_final_current_mixed_40_200_left_eval,/Users/siyuan/Developer/Veriedge/VeriEdge/workspace/captures/E1/t4_final_current_mixed_40_200_right_eval,hetero_qwen_torch_chain,hetero_qwen_torch_chain,True,0,C1,False,-1,,N/A
current_mixed_stack,eval_006,prefill,prefill,0,/Users/siyuan/Developer/Veriedge/VeriEdge/workspace/captures/E1/t4_final_current_mixed_40_200_left_eval,/Users/siyuan/Developer/Veriedge/VeriEdge/workspace/captures/E1/t4_final_current_mixed_40_200_right_eval,hetero_qwen_torch_chain,hetero_qwen_torch_chain,True,0,C1,False,-1,,N/A
current_mixed_stack,eval_007,prefill,prefill,0,/Users/siyuan/Developer/Veriedge/VeriEdge/workspace/captures/E1/t4_final_current_mixed_40_200_left_eval,/Users/siyuan/Developer/Veriedge/VeriEdge/workspace/captures/E1/t4_final_current_mixed_40_200_right_eval,hetero_qwen_torch_chain,hetero_qwen_torch_chain,True,0,C1,False,-1,,N/A
current_mixed_stack,eval_008,prefill,prefill,0,/Users/siyuan/Developer/Veriedge/VeriEdge/workspace/captures/E1/t4_final_current_mixed_40_200_left_eval,/Users/siyuan/Developer/Veriedge/VeriEdge/workspace/captures/E1/t4_final_current_mixed_40_200_right_eval,hetero_qwen_torch_chain,hetero_qwen_torch_chain,True,0,C1,False,-1,,N/A
current_mixed_stack,eval_009,prefill,prefill,0,/Users/siyuan/Developer/Veriedge/VeriEdge/workspace/captures/E1/t4_final_current_mixed_40_200_left_eval,/Users/siyuan/Developer/Veriedge/VeriEdge/workspace/captures/E1/t4_final_current_mixed_40_200_right_eval,hetero_qwen_torch_chain,hetero_qwen_torch_chain,True,0,C1,False,-1,,N/A
current_mixed_stack,eval_010,prefill,prefill,0,/Users/siyuan/Developer/Veriedge/VeriEdge/workspace/captures/E1/t4_final_current_mixed_40_200_left_eval,/Users/siyuan/Developer/Veriedge/VeriEdge/workspace/captures/E1/t4_final_current_mixed_40_200_right_eval,hetero_qwen_torch_chain,hetero_qwen_torch_chain,True,0,C1,False,-1,,N/A
current_mixed_stack,eval_011,prefill,prefill,0,/Users/siyuan/Developer/Veriedge/VeriEdge/workspace/captures/E1/t4_final_current_mixed_40_200_left_eval,/Users/siyuan/Developer/Veriedge/VeriEdge/workspace/captures/E1/t4_final_current_mixed_40_200_right_eval,hetero_qwen_torch_chain,hetero_qwen_torch_chain,True,0,C1,False,-1,,N/A
current_mixed_stack,eval_012,prefill,prefill,0,/Users/siyuan/Developer/Veriedge/VeriEdge/workspace/captures/E1/t4_final_current_mixed_40_200_left_eval,/Users/siyuan/Developer/Veriedge/VeriEdge/workspace/captures/E1/t4_final_current_mixed_40_200_right_eval,hetero_qwen_torch_chain,hetero_qwen_torch_chain,True,0,C1,False,-1,,N/A
current_mixed_stack,eval_013,prefill,prefill,0,/Users/siyuan/Developer/Veriedge/VeriEdge/workspace/captures/E1/t4_final_current_mixed_40_200_left_eval,/Users/siyuan/Developer/Veriedge/VeriEdge/workspace/captures/E1/t4_final_current_mixed_40_200_right_eval,hetero_qwen_torch_chain,hetero_qwen_torch_chain,True,0,C1,False,-1,,N/A
current_mixed_stack,eval_014,prefill,prefill,0,/Users/siyuan/Developer/Veriedge/VeriEdge/workspace/captures/E1/t4_final_current_mixed_40_200_left_eval,/Users/siyuan/Developer/Veriedge/VeriEdge/workspace/captures/E1/t4_final_current_mixed_40_200_right_eval,hetero_qwen_torch_chain,hetero_qwen_torch_chain,True,0,C1,False,-1,,N/A
current_mixed_stack,eval_015,prefill,prefill,0,/Users/siyuan/Developer/Veriedge/VeriEdge/workspace/captures/E1/t4_final_current_mixed_40_200_left_eval,/Users/siyuan/Developer/Veriedge/VeriEdge/workspace/captures/E1/t4_final_current_mixed_40_200_right_eval,hetero_qwen_torch_chain,hetero_qwen_torch_chain,True,0,C1,False,-1,,N/A
current_mixed_stack,eval_016,prefill,prefill,0,/Users/siyuan/Developer/Veriedge/VeriEdge/workspace/captures/E1/t4_final_current_mixed_40_200_left_eval,/Users/siyuan/Developer/Veriedge/VeriEdge/workspace/captures/E1/t4_final_current_mixed_40_200_right_eval,hetero_qwen_torch_chain,hetero_qwen_torch_chain,True,0,C1,False,-1,,N/A
current_mixed_stack,eval_017,prefill,prefill,0,/Users/siyuan/Developer/Veriedge/VeriEdge/workspace/captures/E1/t4_final_current_mixed_40_200_left_eval,/Users/siyuan/Developer/Veriedge/VeriEdge/workspace/captures/E1/t4_final_current_mixed_40_200_right_eval,hetero_qwen_torch_chain,hetero_qwen_torch_chain,True,0,C1,False,-1,,N/A
current_mixed_stack,eval_018,prefill,prefill,0,/Users/siyuan/Developer/Veriedge/VeriEdge/workspace/captures/E1/t4_final_current_mixed_40_200_left_eval,/Users/siyuan/Developer/Veriedge/VeriEdge/workspace/captures/E1/t4_final_current_mixed_40_200_right_eval,hetero_qwen_torch_chain,hetero_qwen_torch_chain,True,0,C1,False,-1,,N/A
current_mixed_stack,eval_019,prefill,prefill,0,/Users/siyuan/Developer/Veriedge/VeriEdge/workspace/captures/E1/t4_final_current_mixed_40_200_left_eval,/Users/siyuan/Developer/Veriedge/VeriEdge/workspace/captures/E1/t4_final_current_mixed_40_200_right_eval,hetero_qwen_torch_chain,hetero_qwen_torch_chain,True,0,C1,False,-1,,N/A
current_mixed_stack,eval_020,prefill,prefill,0,/Users/siyuan/Developer/Veriedge/VeriEdge/workspace/captures/E1/t4_final_current_mixed_40_200_left_eval,/Users/siyuan/Developer/Veriedge/VeriEdge/workspace/captures/E1/t4_final_current_mixed_40_200_right_eval,hetero_qwen_torch_chain,hetero_qwen_torch_chain,True,0,C1,False,-1,,N/A
current_mixed_stack,eval_021,prefill,prefill,0,/Users/siyuan/Developer/Veriedge/VeriEdge/workspace/captures/E1/t4_final_current_mixed_40_200_left_eval,/Users/siyuan/Developer/Veriedge/VeriEdge/workspace/captures/E1/t4_final_current_mixed_40_200_right_eval,hetero_qwen_torch_chain,hetero_qwen_torch_chain,True,0,C1,True,2,C3,N/A
current_mixed_stack,eval_022,prefill,prefill,0,/Users/siyuan/Developer/Veriedge/VeriEdge/workspace/captures/E1/t4_final_current_mixed_40_200_left_eval,/Users/siyuan/Developer/Veriedge/VeriEdge/workspace/captures/E1/t4_final_current_mixed_40_200_right_eval,hetero_qwen_torch_chain,hetero_qwen_torch_chain,True,0,C1,False,-1,,N/A
current_mixed_stack,eval_023,prefill,prefill,0,/Users/siyuan/Developer/Veriedge/VeriEdge/workspace/captures/E1/t4_final_current_mixed_40_200_left_eval,/Users/siyuan/Developer/Veriedge/VeriEdge/workspace/captures/E1/t4_final_current_mixed_40_200_right_eval,hetero_qwen_torch_chain,hetero_qwen_torch_chain,True,0,C1,False,-1,,N/A
current_mixed_stack,eval_024,prefill,prefill,0,/Users/siyuan/Developer/Veriedge/VeriEdge/workspace/captures/E1/t4_final_current_mixed_40_200_left_eval,/Users/siyuan/Developer/Veriedge/VeriEdge/workspace/captures/E1/t4_final_current_mixed_40_200_right_eval,hetero_qwen_torch_chain,hetero_qwen_torch_chain,True,0,C1,False,-1,,N/A
current_mixed_stack,eval_025,prefill,prefill,0,/Users/siyuan/Developer/Veriedge/VeriEdge/workspace/captures/E1/t4_final_current_mixed_40_200_left_eval,/Users/siyuan/Developer/Veriedge/VeriEdge/workspace/captures/E1/t4_final_current_mixed_40_200_right_eval,hetero_qwen_torch_chain,hetero_qwen_torch_chain,True,0,C1,False,-1,,N/A
current_mixed_stack,eval_026,prefill,prefill,0,/Users/siyuan/Developer/Veriedge/VeriEdge/workspace/captures/E1/t4_final_current_mixed_40_200_left_eval,/Users/siyuan/Developer/Veriedge/VeriEdge/workspace/captures/E1/t4_final_current_mixed_40_200_right_eval,hetero_qwen_torch_chain,hetero_qwen_torch_chain,True,0,C1,False,-1,,N/A
current_mixed_stack,eval_027,prefill,prefill,0,/Users/siyuan/Developer/Veriedge/VeriEdge/workspace/captures/E1/t4_final_current_mixed_40_200_left_eval,/Users/siyuan/Developer/Veriedge/VeriEdge/workspace/captures/E1/t4_final_current_mixed_40_200_right_eval,hetero_qwen_torch_chain,hetero_qwen_torch_chain,True,0,C1,False,-1,,N/A
current_mixed_stack,eval_028,prefill,prefill,0,/Users/siyuan/Developer/Veriedge/VeriEdge/workspace/captures/E1/t4_final_current_mixed_40_200_left_eval,/Users/siyuan/Developer/Veriedge/VeriEdge/workspace/captures/E1/t4_final_current_mixed_40_200_right_eval,hetero_qwen_torch_chain,hetero_qwen_torch_chain,True,0,C1,False,-1,,N/A
current_mixed_stack,eval_029,prefill,prefill,0,/Users/siyuan/Developer/Veriedge/VeriEdge/workspace/captures/E1/t4_final_current_mixed_40_200_left_eval,/Users/siyuan/Developer/Veriedge/VeriEdge/workspace/captures/E1/t4_final_current_mixed_40_200_right_eval,hetero_qwen_torch_chain,hetero_qwen_torch_chain,True,0,C1,False,-1,,N/A
current_mixed_stack,eval_030,prefill,prefill,0,/Users/siyuan/Developer/Veriedge/VeriEdge/workspace/captures/E1/t4_final_current_mixed_40_200_left_eval,/Users/siyuan/Developer/Veriedge/VeriEdge/workspace/captures/E1/t4_final_current_mixed_40_200_right_eval,hetero_qwen_torch_chain,hetero_qwen_torch_chain,True,0,C1,False,-1,,N/A
current_mixed_stack,eval_031,prefill,prefill,0,/Users/siyuan/Developer/Veriedge/VeriEdge/workspace/captures/E1/t4_final_current_mixed_40_200_left_eval,/Users/siyuan/Developer/Veriedge/VeriEdge/workspace/captures/E1/t4_final_current_mixed_40_200_right_eval,hetero_qwen_torch_chain,hetero_qwen_torch_chain,True,0,C1,True,2,C3,N/A
current_mixed_stack,eval_032,prefill,prefill,0,/Users/siyuan/Developer/Veriedge/VeriEdge/workspace/captures/E1/t4_final_current_mixed_40_200_left_eval,/Users/siyuan/Developer/Veriedge/VeriEdge/workspace/captures/E1/t4_final_current_mixed_40_200_right_eval,hetero_qwen_torch_chain,hetero_qwen_torch_chain,True,0,C1,False,-1,,N/A
current_mixed_stack,eval_033,prefill,prefill,0,/Users/siyuan/Developer/Veriedge/VeriEdge/workspace/captures/E1/t4_final_current_mixed_40_200_left_eval,/Users/siyuan/Developer/Veriedge/VeriEdge/workspace/captures/E1/t4_final_current_mixed_40_200_right_eval,hetero_qwen_torch_chain,hetero_qwen_torch_chain,True,0,C1,False,-1,,N/A
current_mixed_stack,eval_034,prefill,prefill,0,/Users/siyuan/Developer/Veriedge/VeriEdge/workspace/captures/E1/t4_final_current_mixed_40_200_left_eval,/Users/siyuan/Developer/Veriedge/VeriEdge/workspace/captures/E1/t4_final_current_mixed_40_200_right_eval,hetero_qwen_torch_chain,hetero_qwen_torch_chain,True,0,C1,False,-1,,N/A
current_mixed_stack,eval_035,prefill,prefill,0,/Users/siyuan/Developer/Veriedge/VeriEdge/workspace/captures/E1/t4_final_current_mixed_40_200_left_eval,/Users/siyuan/Developer/Veriedge/VeriEdge/workspace/captures/E1/t4_final_current_mixed_40_200_right_eval,hetero_qwen_torch_chain,hetero_qwen_torch_chain,True,0,C1,False,-1,,N/A
current_mixed_stack,eval_036,prefill,prefill,0,/Users/siyuan/Developer/Veriedge/VeriEdge/workspace/captures/E1/t4_final_current_mixed_40_200_left_eval,/Users/siyuan/Developer/Veriedge/VeriEdge/workspace/captures/E1/t4_final_current_mixed_40_200_right_eval,hetero_qwen_torch_chain,hetero_qwen_torch_chain,True,0,C1,False,-1,,N/A
current_mixed_stack,eval_037,prefill,prefill,0,/Users/siyuan/Developer/Veriedge/VeriEdge/workspace/captures/E1/t4_final_current_mixed_40_200_left_eval,/Users/siyuan/Developer/Veriedge/VeriEdge/workspace/captures/E1/t4_final_current_mixed_40_200_right_eval,hetero_qwen_torch_chain,hetero_qwen_torch_chain,True,0,C1,False,-1,,N/A
current_mixed_stack,eval_038,prefill,prefill,0,/Users/siyuan/Developer/Veriedge/VeriEdge/workspace/captures/E1/t4_final_current_mixed_40_200_left_eval,/Users/siyuan/Developer/Veriedge/VeriEdge/workspace/captures/E1/t4_final_current_mixed_40_200_right_eval,hetero_qwen_torch_chain,hetero_qwen_torch_chain,True,0,C1,False,-1,,N/A
current_mixed_stack,eval_039,prefill,prefill,0,/Users/siyuan/Developer/Veriedge/VeriEdge/workspace/captures/E1/t4_final_current_mixed_40_200_left_eval,/Users/siyuan/Developer/Veriedge/VeriEdge/workspace/captures/E1/t4_final_current_mixed_40_200_right_eval,hetero_qwen_torch_chain,hetero_qwen_torch_chain,True,0,C1,False,-1,,N/A
current_mixed_stack,eval_040,prefill,prefill,0,/Users/siyuan/Developer/Veriedge/VeriEdge/workspace/captures/E1/t4_final_current_mixed_40_200_left_eval,/Users/siyuan/Developer/Veriedge/VeriEdge/workspace/captures/E1/t4_final_current_mixed_40_200_right_eval,hetero_qwen_torch_chain,hetero_qwen_torch_chain,True,0,C1,False,-1,,N/A
current_mixed_stack,eval_041,prefill,prefill,0,/Users/siyuan/Developer/Veriedge/VeriEdge/workspace/captures/E1/t4_final_current_mixed_40_200_left_eval,/Users/siyuan/Developer/Veriedge/VeriEdge/workspace/captures/E1/t4_final_current_mixed_40_200_right_eval,hetero_qwen_torch_chain,hetero_qwen_torch_chain,True,0,C1,False,-1,,N/A
current_mixed_stack,eval_042,prefill,prefill,0,/Users/siyuan/Developer/Veriedge/VeriEdge/workspace/captures/E1/t4_final_current_mixed_40_200_left_eval,/Users/siyuan/Developer/Veriedge/VeriEdge/workspace/captures/E1/t4_final_current_mixed_40_200_right_eval,hetero_qwen_torch_chain,hetero_qwen_torch_chain,True,0,C1,False,-1,,N/A
current_mixed_stack,eval_043,prefill,prefill,0,/Users/siyuan/Developer/Veriedge/VeriEdge/workspace/captures/E1/t4_final_current_mixed_40_200_left_eval,/Users/siyuan/Developer/Veriedge/VeriEdge/workspace/captures/E1/t4_final_current_mixed_40_200_right_eval,hetero_qwen_torch_chain,hetero_qwen_torch_chain,True,0,C1,False,-1,,N/A
current_mixed_stack,eval_044,prefill,prefill,0,/Users/siyuan/Developer/Veriedge/VeriEdge/workspace/captures/E1/t4_final_current_mixed_40_200_left_eval,/Users/siyuan/Developer/Veriedge/VeriEdge/workspace/captures/E1/t4_final_current_mixed_40_200_right_eval,hetero_qwen_torch_chain,hetero_qwen_torch_chain,True,0,C1,False,-1,,N/A
current_mixed_stack,eval_045,prefill,prefill,0,/Users/siyuan/Developer/Veriedge/VeriEdge/workspace/captures/E1/t4_final_current_mixed_40_200_left_eval,/Users/siyuan/Developer/Veriedge/VeriEdge/workspace/captures/E1/t4_final_current_mixed_40_200_right_eval,hetero_qwen_torch_chain,hetero_qwen_torch_chain,True,0,C1,False,-1,,N/A
current_mixed_stack,eval_046,prefill,prefill,0,/Users/siyuan/Developer/Veriedge/VeriEdge/workspace/captures/E1/t4_final_current_mixed_40_200_left_eval,/Users/siyuan/Developer/Veriedge/VeriEdge/workspace/captures/E1/t4_final_current_mixed_40_200_right_eval,hetero_qwen_torch_chain,hetero_qwen_torch_chain,True,0,C1,False,-1,,N/A
current_mixed_stack,eval_047,prefill,prefill,0,/Users/siyuan/Developer/Veriedge/VeriEdge/workspace/captures/E1/t4_final_current_mixed_40_200_left_eval,/Users/siyuan/Developer/Veriedge/VeriEdge/workspace/captures/E1/t4_final_current_mixed_40_200_right_eval,hetero_qwen_torch_chain,hetero_qwen_torch_chain,True,0,C1,False,-1,,N/A
current_mixed_stack,eval_048,prefill,prefill,0,/Users/siyuan/Developer/Veriedge/VeriEdge/workspace/captures/E1/t4_final_current_mixed_40_200_left_eval,/Users/siyuan/Developer/Veriedge/VeriEdge/workspace/captures/E1/t4_final_current_mixed_40_200_right_eval,hetero_qwen_torch_chain,hetero_qwen_torch_chain,True,0,C1,False,-1,,N/A
current_mixed_stack,eval_049,prefill,prefill,0,/Users/siyuan/Developer/Veriedge/VeriEdge/workspace/captures/E1/t4_final_current_mixed_40_200_left_eval,/Users/siyuan/Developer/Veriedge/VeriEdge/workspace/captures/E1/t4_final_current_mixed_40_200_right_eval,hetero_qwen_torch_chain,hetero_qwen_torch_chain,True,0,C1,False,-1,,N/A
current_mixed_stack,eval_050,prefill,prefill,0,/Users/siyuan/Developer/Veriedge/VeriEdge/workspace/captures/E1/t4_final_current_mixed_40_200_left_eval,/Users/siyuan/Developer/Veriedge/VeriEdge/workspace/captures/E1/t4_final_current_mixed_40_200_right_eval,hetero_qwen_torch_chain,hetero_qwen_torch_chain,True,0,C1,False,-1,,N/A
current_mixed_stack,eval_051,prefill,prefill,0,/Users/siyuan/Developer/Veriedge/VeriEdge/workspace/captures/E1/t4_final_current_mixed_40_200_left_eval,/Users/siyuan/Developer/Veriedge/VeriEdge/workspace/captures/E1/t4_final_current_mixed_40_200_right_eval,hetero_qwen_torch_chain,hetero_qwen_torch_chain,True,0,C1,False,-1,,N/A
current_mixed_stack,eval_052,prefill,prefill,0,/Users/siyuan/Developer/Veriedge/VeriEdge/workspace/captures/E1/t4_final_current_mixed_40_200_left_eval,/Users/siyuan/Developer/Veriedge/VeriEdge/workspace/captures/E1/t4_final_current_mixed_40_200_right_eval,hetero_qwen_torch_chain,hetero_qwen_torch_chain,True,0,C1,False,-1,,N/A
current_mixed_stack,eval_053,prefill,prefill,0,/Users/siyuan/Developer/Veriedge/VeriEdge/workspace/captures/E1/t4_final_current_mixed_40_200_left_eval,/Users/siyuan/Developer/Veriedge/VeriEdge/workspace/captures/E1/t4_final_current_mixed_40_200_right_eval,hetero_qwen_torch_chain,hetero_qwen_torch_chain,True,0,C1,False,-1,,N/A
current_mixed_stack,eval_054,prefill,prefill,0,/Users/siyuan/Developer/Veriedge/VeriEdge/workspace/captures/E1/t4_final_current_mixed_40_200_left_eval,/Users/siyuan/Developer/Veriedge/VeriEdge/workspace/captures/E1/t4_final_current_mixed_40_200_right_eval,hetero_qwen_torch_chain,hetero_qwen_torch_chain,True,0,C1,False,-1,,N/A
current_mixed_stack,eval_055,prefill,prefill,0,/Users/siyuan/Developer/Veriedge/VeriEdge/workspace/captures/E1/t4_final_current_mixed_40_200_left_eval,/Users/siyuan/Developer/Veriedge/VeriEdge/workspace/captures/E1/t4_final_current_mixed_40_200_right_eval,hetero_qwen_torch_chain,hetero_qwen_torch_chain,True,0,C1,False,-1,,N/A
current_mixed_stack,eval_056,prefill,prefill,0,/Users/siyuan/Developer/Veriedge/VeriEdge/workspace/captures/E1/t4_final_current_mixed_40_200_left_eval,/Users/siyuan/Developer/Veriedge/VeriEdge/workspace/captures/E1/t4_final_current_mixed_40_200_right_eval,hetero_qwen_torch_chain,hetero_qwen_torch_chain,True,0,C1,False,-1,,N/A
current_mixed_stack,eval_057,prefill,prefill,0,/Users/siyuan/Developer/Veriedge/VeriEdge/workspace/captures/E1/t4_final_current_mixed_40_200_left_eval,/Users/siyuan/Developer/Veriedge/VeriEdge/workspace/captures/E1/t4_final_current_mixed_40_200_right_eval,hetero_qwen_torch_chain,hetero_qwen_torch_chain,True,0,C1,False,-1,,N/A
current_mixed_stack,eval_058,prefill,prefill,0,/Users/siyuan/Developer/Veriedge/VeriEdge/workspace/captures/E1/t4_final_current_mixed_40_200_left_eval,/Users/siyuan/Developer/Veriedge/VeriEdge/workspace/captures/E1/t4_final_current_mixed_40_200_right_eval,hetero_qwen_torch_chain,hetero_qwen_torch_chain,True,0,C1,False,-1,,N/A
current_mixed_stack,eval_059,prefill,prefill,0,/Users/siyuan/Developer/Veriedge/VeriEdge/workspace/captures/E1/t4_final_current_mixed_40_200_left_eval,/Users/siyuan/Developer/Veriedge/VeriEdge/workspace/captures/E1/t4_final_current_mixed_40_200_right_eval,hetero_qwen_torch_chain,hetero_qwen_torch_chain,True,0,C1,False,-1,,N/A
current_mixed_stack,eval_060,prefill,prefill,0,/Users/siyuan/Developer/Veriedge/VeriEdge/workspace/captures/E1/t4_final_current_mixed_40_200_left_eval,/Users/siyuan/Developer/Veriedge/VeriEdge/workspace/captures/E1/t4_final_current_mixed_40_200_right_eval,hetero_qwen_torch_chain,hetero_qwen_torch_chain,True,0,C1,False,-1,,N/A
current_mixed_stack,eval_061,prefill,prefill,0,/Users/siyuan/Developer/Veriedge/VeriEdge/workspace/captures/E1/t4_final_current_mixed_40_200_left_eval,/Users/siyuan/Developer/Veriedge/VeriEdge/workspace/captures/E1/t4_final_current_mixed_40_200_right_eval,hetero_qwen_torch_chain,hetero_qwen_torch_chain,True,0,C1,False,-1,,N/A
current_mixed_stack,eval_062,prefill,prefill,0,/Users/siyuan/Developer/Veriedge/VeriEdge/workspace/captures/E1/t4_final_current_mixed_40_200_left_eval,/Users/siyuan/Developer/Veriedge/VeriEdge/workspace/captures/E1/t4_final_current_mixed_40_200_right_eval,hetero_qwen_torch_chain,hetero_qwen_torch_chain,True,0,C1,False,-1,,N/A
current_mixed_stack,eval_063,prefill,prefill,0,/Users/siyuan/Developer/Veriedge/VeriEdge/workspace/captures/E1/t4_final_current_mixed_40_200_left_eval,/Users/siyuan/Developer/Veriedge/VeriEdge/workspace/captures/E1/t4_final_current_mixed_40_200_right_eval,hetero_qwen_torch_chain,hetero_qwen_torch_chain,True,0,C1,False,-1,,N/A
current_mixed_stack,eval_064,prefill,prefill,0,/Users/siyuan/Developer/Veriedge/VeriEdge/workspace/captures/E1/t4_final_current_mixed_40_200_left_eval,/Users/siyuan/Developer/Veriedge/VeriEdge/workspace/captures/E1/t4_final_current_mixed_40_200_right_eval,hetero_qwen_torch_chain,hetero_qwen_torch_chain,True,0,C1,False,-1,,N/A
current_mixed_stack,eval_065,prefill,prefill,0,/Users/siyuan/Developer/Veriedge/VeriEdge/workspace/captures/E1/t4_final_current_mixed_40_200_left_eval,/Users/siyuan/Developer/Veriedge/VeriEdge/workspace/captures/E1/t4_final_current_mixed_40_200_right_eval,hetero_qwen_torch_chain,hetero_qwen_torch_chain,True,0,C1,False,-1,,N/A
current_mixed_stack,eval_066,prefill,prefill,0,/Users/siyuan/Developer/Veriedge/VeriEdge/workspace/captures/E1/t4_final_current_mixed_40_200_left_eval,/Users/siyuan/Developer/Veriedge/VeriEdge/workspace/captures/E1/t4_final_current_mixed_40_200_right_eval,hetero_qwen_torch_chain,hetero_qwen_torch_chain,True,0,C1,False,-1,,N/A
current_mixed_stack,eval_067,prefill,prefill,0,/Users/siyuan/Developer/Veriedge/VeriEdge/workspace/captures/E1/t4_final_current_mixed_40_200_left_eval,/Users/siyuan/Developer/Veriedge/VeriEdge/workspace/captures/E1/t4_final_current_mixed_40_200_right_eval,hetero_qwen_torch_chain,hetero_qwen_torch_chain,True,0,C1,False,-1,,N/A
current_mixed_stack,eval_068,prefill,prefill,0,/Users/siyuan/Developer/Veriedge/VeriEdge/workspace/captures/E1/t4_final_current_mixed_40_200_left_eval,/Users/siyuan/Developer/Veriedge/VeriEdge/workspace/captures/E1/t4_final_current_mixed_40_200_right_eval,hetero_qwen_torch_chain,hetero_qwen_torch_chain,True,0,C1,False,-1,,N/A
current_mixed_stack,eval_069,prefill,prefill,0,/Users/siyuan/Developer/Veriedge/VeriEdge/workspace/captures/E1/t4_final_current_mixed_40_200_left_eval,/Users/siyuan/Developer/Veriedge/VeriEdge/workspace/captures/E1/t4_final_current_mixed_40_200_right_eval,hetero_qwen_torch_chain,hetero_qwen_torch_chain,True,0,C1,False,-1,,N/A
current_mixed_stack,eval_070,prefill,prefill,0,/Users/siyuan/Developer/Veriedge/VeriEdge/workspace/captures/E1/t4_final_current_mixed_40_200_left_eval,/Users/siyuan/Developer/Veriedge/VeriEdge/workspace/captures/E1/t4_final_current_mixed_40_200_right_eval,hetero_qwen_torch_chain,hetero_qwen_torch_chain,True,0,C1,True,2,C3,N/A
current_mixed_stack,eval_071,prefill,prefill,0,/Users/siyuan/Developer/Veriedge/VeriEdge/workspace/captures/E1/t4_final_current_mixed_40_200_left_eval,/Users/siyuan/Developer/Veriedge/VeriEdge/workspace/captures/E1/t4_final_current_mixed_40_200_right_eval,hetero_qwen_torch_chain,hetero_qwen_torch_chain,True,0,C1,False,-1,,N/A
current_mixed_stack,eval_072,prefill,prefill,0,/Users/siyuan/Developer/Veriedge/VeriEdge/workspace/captures/E1/t4_final_current_mixed_40_200_left_eval,/Users/siyuan/Developer/Veriedge/VeriEdge/workspace/captures/E1/t4_final_current_mixed_40_200_right_eval,hetero_qwen_torch_chain,hetero_qwen_torch_chain,True,0,C1,False,-1,,N/A
current_mixed_stack,eval_073,prefill,prefill,0,/Users/siyuan/Developer/Veriedge/VeriEdge/workspace/captures/E1/t4_final_current_mixed_40_200_left_eval,/Users/siyuan/Developer/Veriedge/VeriEdge/workspace/captures/E1/t4_final_current_mixed_40_200_right_eval,hetero_qwen_torch_chain,hetero_qwen_torch_chain,True,0,C1,False,-1,,N/A
current_mixed_stack,eval_074,prefill,prefill,0,/Users/siyuan/Developer/Veriedge/VeriEdge/workspace/captures/E1/t4_final_current_mixed_40_200_left_eval,/Users/siyuan/Developer/Veriedge/VeriEdge/workspace/captures/E1/t4_final_current_mixed_40_200_right_eval,hetero_qwen_torch_chain,hetero_qwen_torch_chain,True,0,C1,False,-1,,N/A
current_mixed_stack,eval_075,prefill,prefill,0,/Users/siyuan/Developer/Veriedge/VeriEdge/workspace/captures/E1/t4_final_current_mixed_40_200_left_eval,/Users/siyuan/Developer/Veriedge/VeriEdge/workspace/captures/E1/t4_final_current_mixed_40_200_right_eval,hetero_qwen_torch_chain,hetero_qwen_torch_chain,True,0,C1,False,-1,,N/A
current_mixed_stack,eval_076,prefill,prefill,0,/Users/siyuan/Developer/Veriedge/VeriEdge/workspace/captures/E1/t4_final_current_mixed_40_200_left_eval,/Users/siyuan/Developer/Veriedge/VeriEdge/workspace/captures/E1/t4_final_current_mixed_40_200_right_eval,hetero_qwen_torch_chain,hetero_qwen_torch_chain,True,0,C1,False,-1,,N/A
current_mixed_stack,eval_077,prefill,prefill,0,/Users/siyuan/Developer/Veriedge/VeriEdge/workspace/captures/E1/t4_final_current_mixed_40_200_left_eval,/Users/siyuan/Developer/Veriedge/VeriEdge/workspace/captures/E1/t4_final_current_mixed_40_200_right_eval,hetero_qwen_torch_chain,hetero_qwen_torch_chain,True,0,C1,False,-1,,N/A
current_mixed_stack,eval_078,prefill,prefill,0,/Users/siyuan/Developer/Veriedge/VeriEdge/workspace/captures/E1/t4_final_current_mixed_40_200_left_eval,/Users/siyuan/Developer/Veriedge/VeriEdge/workspace/captures/E1/t4_final_current_mixed_40_200_right_eval,hetero_qwen_torch_chain,hetero_qwen_torch_chain,True,0,C1,False,-1,,N/A
current_mixed_stack,eval_079,prefill,prefill,0,/Users/siyuan/Developer/Veriedge/VeriEdge/workspace/captures/E1/t4_final_current_mixed_40_200_left_eval,/Users/siyuan/Developer/Veriedge/VeriEdge/workspace/captures/E1/t4_final_current_mixed_40_200_right_eval,hetero_qwen_torch_chain,hetero_qwen_torch_chain,True,0,C1,False,-1,,N/A
current_mixed_stack,eval_080,prefill,prefill,0,/Users/siyuan/Developer/Veriedge/VeriEdge/workspace/captures/E1/t4_final_current_mixed_40_200_left_eval,/Users/siyuan/Developer/Veriedge/VeriEdge/workspace/captures/E1/t4_final_current_mixed_40_200_right_eval,hetero_qwen_torch_chain,hetero_qwen_torch_chain,True,0,C1,False,-1,,N/A
current_mixed_stack,eval_081,prefill,prefill,0,/Users/siyuan/Developer/Veriedge/VeriEdge/workspace/captures/E1/t4_final_current_mixed_40_200_left_eval,/Users/siyuan/Developer/Veriedge/VeriEdge/workspace/captures/E1/t4_final_current_mixed_40_200_right_eval,hetero_qwen_torch_chain,hetero_qwen_torch_chain,True,0,C1,False,-1,,N/A
current_mixed_stack,eval_082,prefill,prefill,0,/Users/siyuan/Developer/Veriedge/VeriEdge/workspace/captures/E1/t4_final_current_mixed_40_200_left_eval,/Users/siyuan/Developer/Veriedge/VeriEdge/workspace/captures/E1/t4_final_current_mixed_40_200_right_eval,hetero_qwen_torch_chain,hetero_qwen_torch_chain,True,0,C1,False,-1,,N/A
current_mixed_stack,eval_083,prefill,prefill,0,/Users/siyuan/Developer/Veriedge/VeriEdge/workspace/captures/E1/t4_final_current_mixed_40_200_left_eval,/Users/siyuan/Developer/Veriedge/VeriEdge/workspace/captures/E1/t4_final_current_mixed_40_200_right_eval,hetero_qwen_torch_chain,hetero_qwen_torch_chain,True,0,C1,False,-1,,N/A
current_mixed_stack,eval_084,prefill,prefill,0,/Users/siyuan/Developer/Veriedge/VeriEdge/workspace/captures/E1/t4_final_current_mixed_40_200_left_eval,/Users/siyuan/Developer/Veriedge/VeriEdge/workspace/captures/E1/t4_final_current_mixed_40_200_right_eval,hetero_qwen_torch_chain,hetero_qwen_torch_chain,True,0,C1,False,-1,,N/A
current_mixed_stack,eval_085,prefill,prefill,0,/Users/siyuan/Developer/Veriedge/VeriEdge/workspace/captures/E1/t4_final_current_mixed_40_200_left_eval,/Users/siyuan/Developer/Veriedge/VeriEdge/workspace/captures/E1/t4_final_current_mixed_40_200_right_eval,hetero_qwen_torch_chain,hetero_qwen_torch_chain,True,0,C1,True,1,C2,N/A
current_mixed_stack,eval_086,prefill,prefill,0,/Users/siyuan/Developer/Veriedge/VeriEdge/workspace/captures/E1/t4_final_current_mixed_40_200_left_eval,/Users/siyuan/Developer/Veriedge/VeriEdge/workspace/captures/E1/t4_final_current_mixed_40_200_right_eval,hetero_qwen_torch_chain,hetero_qwen_torch_chain,True,0,C1,False,-1,,N/A
current_mixed_stack,eval_087,prefill,prefill,0,/Users/siyuan/Developer/Veriedge/VeriEdge/workspace/captures/E1/t4_final_current_mixed_40_200_left_eval,/Users/siyuan/Developer/Veriedge/VeriEdge/workspace/captures/E1/t4_final_current_mixed_40_200_right_eval,hetero_qwen_torch_chain,hetero_qwen_torch_chain,True,0,C1,False,-1,,N/A
current_mixed_stack,eval_088,prefill,prefill,0,/Users/siyuan/Developer/Veriedge/VeriEdge/workspace/captures/E1/t4_final_current_mixed_40_200_left_eval,/Users/siyuan/Developer/Veriedge/VeriEdge/workspace/captures/E1/t4_final_current_mixed_40_200_right_eval,hetero_qwen_torch_chain,hetero_qwen_torch_chain,True,0,C1,False,-1,,N/A
current_mixed_stack,eval_089,prefill,prefill,0,/Users/siyuan/Developer/Veriedge/VeriEdge/workspace/captures/E1/t4_final_current_mixed_40_200_left_eval,/Users/siyuan/Developer/Veriedge/VeriEdge/workspace/captures/E1/t4_final_current_mixed_40_200_right_eval,hetero_qwen_torch_chain,hetero_qwen_torch_chain,True,0,C1,False,-1,,N/A
current_mixed_stack,eval_090,prefill,prefill,0,/Users/siyuan/Developer/Veriedge/VeriEdge/workspace/captures/E1/t4_final_current_mixed_40_200_left_eval,/Users/siyuan/Developer/Veriedge/VeriEdge/workspace/captures/E1/t4_final_current_mixed_40_200_right_eval,hetero_qwen_torch_chain,hetero_qwen_torch_chain,True,0,C1,False,-1,,N/A
current_mixed_stack,eval_091,prefill,prefill,0,/Users/siyuan/Developer/Veriedge/VeriEdge/workspace/captures/E1/t4_final_current_mixed_40_200_left_eval,/Users/siyuan/Developer/Veriedge/VeriEdge/workspace/captures/E1/t4_final_current_mixed_40_200_right_eval,hetero_qwen_torch_chain,hetero_qwen_torch_chain,True,0,C1,False,-1,,N/A
current_mixed_stack,eval_092,prefill,prefill,0,/Users/siyuan/Developer/Veriedge/VeriEdge/workspace/captures/E1/t4_final_current_mixed_40_200_left_eval,/Users/siyuan/Developer/Veriedge/VeriEdge/workspace/captures/E1/t4_final_current_mixed_40_200_right_eval,hetero_qwen_torch_chain,hetero_qwen_torch_chain,True,0,C1,True,2,C3,N/A
current_mixed_stack,eval_093,prefill,prefill,0,/Users/siyuan/Developer/Veriedge/VeriEdge/workspace/captures/E1/t4_final_current_mixed_40_200_left_eval,/Users/siyuan/Developer/Veriedge/VeriEdge/workspace/captures/E1/t4_final_current_mixed_40_200_right_eval,hetero_qwen_torch_chain,hetero_qwen_torch_chain,True,0,C1,True,2,C3,N/A
current_mixed_stack,eval_094,prefill,prefill,0,/Users/siyuan/Developer/Veriedge/VeriEdge/workspace/captures/E1/t4_final_current_mixed_40_200_left_eval,/Users/siyuan/Developer/Veriedge/VeriEdge/workspace/captures/E1/t4_final_current_mixed_40_200_right_eval,hetero_qwen_torch_chain,hetero_qwen_torch_chain,True,0,C1,False,-1,,N/A
current_mixed_stack,eval_095,prefill,prefill,0,/Users/siyuan/Developer/Veriedge/VeriEdge/workspace/captures/E1/t4_final_current_mixed_40_200_left_eval,/Users/siyuan/Developer/Veriedge/VeriEdge/workspace/captures/E1/t4_final_current_mixed_40_200_right_eval,hetero_qwen_torch_chain,hetero_qwen_torch_chain,True,0,C1,False,-1,,N/A
current_mixed_stack,eval_096,prefill,prefill,0,/Users/siyuan/Developer/Veriedge/VeriEdge/workspace/captures/E1/t4_final_current_mixed_40_200_left_eval,/Users/siyuan/Developer/Veriedge/VeriEdge/workspace/captures/E1/t4_final_current_mixed_40_200_right_eval,hetero_qwen_torch_chain,hetero_qwen_torch_chain,True,0,C1,False,-1,,N/A
current_mixed_stack,eval_097,prefill,prefill,0,/Users/siyuan/Developer/Veriedge/VeriEdge/workspace/captures/E1/t4_final_current_mixed_40_200_left_eval,/Users/siyuan/Developer/Veriedge/VeriEdge/workspace/captures/E1/t4_final_current_mixed_40_200_right_eval,hetero_qwen_torch_chain,hetero_qwen_torch_chain,True,0,C1,False,-1,,N/A
current_mixed_stack,eval_098,prefill,prefill,0,/Users/siyuan/Developer/Veriedge/VeriEdge/workspace/captures/E1/t4_final_current_mixed_40_200_left_eval,/Users/siyuan/Developer/Veriedge/VeriEdge/workspace/captures/E1/t4_final_current_mixed_40_200_right_eval,hetero_qwen_torch_chain,hetero_qwen_torch_chain,True,0,C1,True,2,C3,N/A
current_mixed_stack,eval_099,prefill,prefill,0,/Users/siyuan/Developer/Veriedge/VeriEdge/workspace/captures/E1/t4_final_current_mixed_40_200_left_eval,/Users/siyuan/Developer/Veriedge/VeriEdge/workspace/captures/E1/t4_final_current_mixed_40_200_right_eval,hetero_qwen_torch_chain,hetero_qwen_torch_chain,True,0,C1,False,-1,,N/A
current_mixed_stack,eval_100,prefill,prefill,0,/Users/siyuan/Developer/Veriedge/VeriEdge/workspace/captures/E1/t4_final_current_mixed_40_200_left_eval,/Users/siyuan/Developer/Veriedge/VeriEdge/workspace/captures/E1/t4_final_current_mixed_40_200_right_eval,hetero_qwen_torch_chain,hetero_qwen_torch_chain,True,0,C1,False,-1,,N/A
current_mixed_stack,eval_101,prefill,prefill,0,/Users/siyuan/Developer/Veriedge/VeriEdge/workspace/captures/E1/t4_final_current_mixed_40_200_left_eval,/Users/siyuan/Developer/Veriedge/VeriEdge/workspace/captures/E1/t4_final_current_mixed_40_200_right_eval,hetero_qwen_torch_chain,hetero_qwen_torch_chain,True,0,C1,False,-1,,N/A
current_mixed_stack,eval_102,prefill,prefill,0,/Users/siyuan/Developer/Veriedge/VeriEdge/workspace/captures/E1/t4_final_current_mixed_40_200_left_eval,/Users/siyuan/Developer/Veriedge/VeriEdge/workspace/captures/E1/t4_final_current_mixed_40_200_right_eval,hetero_qwen_torch_chain,hetero_qwen_torch_chain,True,0,C1,True,1,C2,N/A
current_mixed_stack,eval_103,prefill,prefill,0,/Users/siyuan/Developer/Veriedge/VeriEdge/workspace/captures/E1/t4_final_current_mixed_40_200_left_eval,/Users/siyuan/Developer/Veriedge/VeriEdge/workspace/captures/E1/t4_final_current_mixed_40_200_right_eval,hetero_qwen_torch_chain,hetero_qwen_torch_chain,True,0,C1,False,-1,,N/A
current_mixed_stack,eval_104,prefill,prefill,0,/Users/siyuan/Developer/Veriedge/VeriEdge/workspace/captures/E1/t4_final_current_mixed_40_200_left_eval,/Users/siyuan/Developer/Veriedge/VeriEdge/workspace/captures/E1/t4_final_current_mixed_40_200_right_eval,hetero_qwen_torch_chain,hetero_qwen_torch_chain,True,0,C1,False,-1,,N/A
current_mixed_stack,eval_105,prefill,prefill,0,/Users/siyuan/Developer/Veriedge/VeriEdge/workspace/captures/E1/t4_final_current_mixed_40_200_left_eval,/Users/siyuan/Developer/Veriedge/VeriEdge/workspace/captures/E1/t4_final_current_mixed_40_200_right_eval,hetero_qwen_torch_chain,hetero_qwen_torch_chain,True,0,C1,False,-1,,N/A
current_mixed_stack,eval_106,prefill,prefill,0,/Users/siyuan/Developer/Veriedge/VeriEdge/workspace/captures/E1/t4_final_current_mixed_40_200_left_eval,/Users/siyuan/Developer/Veriedge/VeriEdge/workspace/captures/E1/t4_final_current_mixed_40_200_right_eval,hetero_qwen_torch_chain,hetero_qwen_torch_chain,True,0,C1,False,-1,,N/A
current_mixed_stack,eval_107,prefill,prefill,0,/Users/siyuan/Developer/Veriedge/VeriEdge/workspace/captures/E1/t4_final_current_mixed_40_200_left_eval,/Users/siyuan/Developer/Veriedge/VeriEdge/workspace/captures/E1/t4_final_current_mixed_40_200_right_eval,hetero_qwen_torch_chain,hetero_qwen_torch_chain,True,0,C1,False,-1,,N/A
current_mixed_stack,eval_108,prefill,prefill,0,/Users/siyuan/Developer/Veriedge/VeriEdge/workspace/captures/E1/t4_final_current_mixed_40_200_left_eval,/Users/siyuan/Developer/Veriedge/VeriEdge/workspace/captures/E1/t4_final_current_mixed_40_200_right_eval,hetero_qwen_torch_chain,hetero_qwen_torch_chain,True,0,C1,True,2,C3,N/A
current_mixed_stack,eval_109,prefill,prefill,0,/Users/siyuan/Developer/Veriedge/VeriEdge/workspace/captures/E1/t4_final_current_mixed_40_200_left_eval,/Users/siyuan/Developer/Veriedge/VeriEdge/workspace/captures/E1/t4_final_current_mixed_40_200_right_eval,hetero_qwen_torch_chain,hetero_qwen_torch_chain,True,0,C1,False,-1,,N/A
current_mixed_stack,eval_110,prefill,prefill,0,/Users/siyuan/Developer/Veriedge/VeriEdge/workspace/captures/E1/t4_final_current_mixed_40_200_left_eval,/Users/siyuan/Developer/Veriedge/VeriEdge/workspace/captures/E1/t4_final_current_mixed_40_200_right_eval,hetero_qwen_torch_chain,hetero_qwen_torch_chain,True,0,C1,False,-1,,N/A
current_mixed_stack,eval_111,prefill,prefill,0,/Users/siyuan/Developer/Veriedge/VeriEdge/workspace/captures/E1/t4_final_current_mixed_40_200_left_eval,/Users/siyuan/Developer/Veriedge/VeriEdge/workspace/captures/E1/t4_final_current_mixed_40_200_right_eval,hetero_qwen_torch_chain,hetero_qwen_torch_chain,True,0,C1,True,2,C3,N/A
current_mixed_stack,eval_112,prefill,prefill,0,/Users/siyuan/Developer/Veriedge/VeriEdge/workspace/captures/E1/t4_final_current_mixed_40_200_left_eval,/Users/siyuan/Developer/Veriedge/VeriEdge/workspace/captures/E1/t4_final_current_mixed_40_200_right_eval,hetero_qwen_torch_chain,hetero_qwen_torch_chain,True,0,C1,False,-1,,N/A
current_mixed_stack,eval_113,prefill,prefill,0,/Users/siyuan/Developer/Veriedge/VeriEdge/workspace/captures/E1/t4_final_current_mixed_40_200_left_eval,/Users/siyuan/Developer/Veriedge/VeriEdge/workspace/captures/E1/t4_final_current_mixed_40_200_right_eval,hetero_qwen_torch_chain,hetero_qwen_torch_chain,True,0,C1,True,2,C3,N/A
current_mixed_stack,eval_114,prefill,prefill,0,/Users/siyuan/Developer/Veriedge/VeriEdge/workspace/captures/E1/t4_final_current_mixed_40_200_left_eval,/Users/siyuan/Developer/Veriedge/VeriEdge/workspace/captures/E1/t4_final_current_mixed_40_200_right_eval,hetero_qwen_torch_chain,hetero_qwen_torch_chain,True,0,C1,False,-1,,N/A
current_mixed_stack,eval_115,prefill,prefill,0,/Users/siyuan/Developer/Veriedge/VeriEdge/workspace/captures/E1/t4_final_current_mixed_40_200_left_eval,/Users/siyuan/Developer/Veriedge/VeriEdge/workspace/captures/E1/t4_final_current_mixed_40_200_right_eval,hetero_qwen_torch_chain,hetero_qwen_torch_chain,True,0,C1,False,-1,,N/A
current_mixed_stack,eval_116,prefill,prefill,0,/Users/siyuan/Developer/Veriedge/VeriEdge/workspace/captures/E1/t4_final_current_mixed_40_200_left_eval,/Users/siyuan/Developer/Veriedge/VeriEdge/workspace/captures/E1/t4_final_current_mixed_40_200_right_eval,hetero_qwen_torch_chain,hetero_qwen_torch_chain,True,0,C1,False,-1,,N/A
current_mixed_stack,eval_117,prefill,prefill,0,/Users/siyuan/Developer/Veriedge/VeriEdge/workspace/captures/E1/t4_final_current_mixed_40_200_left_eval,/Users/siyuan/Developer/Veriedge/VeriEdge/workspace/captures/E1/t4_final_current_mixed_40_200_right_eval,hetero_qwen_torch_chain,hetero_qwen_torch_chain,True,0,C1,False,-1,,N/A
current_mixed_stack,eval_118,prefill,prefill,0,/Users/siyuan/Developer/Veriedge/VeriEdge/workspace/captures/E1/t4_final_current_mixed_40_200_left_eval,/Users/siyuan/Developer/Veriedge/VeriEdge/workspace/captures/E1/t4_final_current_mixed_40_200_right_eval,hetero_qwen_torch_chain,hetero_qwen_torch_chain,True,0,C1,True,2,C3,N/A
current_mixed_stack,eval_119,prefill,prefill,0,/Users/siyuan/Developer/Veriedge/VeriEdge/workspace/captures/E1/t4_final_current_mixed_40_200_left_eval,/Users/siyuan/Developer/Veriedge/VeriEdge/workspace/captures/E1/t4_final_current_mixed_40_200_right_eval,hetero_qwen_torch_chain,hetero_qwen_torch_chain,True,0,C1,True,1,C2,N/A
current_mixed_stack,eval_120,prefill,prefill,0,/Users/siyuan/Developer/Veriedge/VeriEdge/workspace/captures/E1/t4_final_current_mixed_40_200_left_eval,/Users/siyuan/Developer/Veriedge/VeriEdge/workspace/captures/E1/t4_final_current_mixed_40_200_right_eval,hetero_qwen_torch_chain,hetero_qwen_torch_chain,True,0,C1,False,-1,,N/A
current_mixed_stack,eval_121,prefill,prefill,0,/Users/siyuan/Developer/Veriedge/VeriEdge/workspace/captures/E1/t4_final_current_mixed_40_200_left_eval,/Users/siyuan/Developer/Veriedge/VeriEdge/workspace/captures/E1/t4_final_current_mixed_40_200_right_eval,hetero_qwen_torch_chain,hetero_qwen_torch_chain,True,0,C1,False,-1,,N/A
current_mixed_stack,eval_122,prefill,prefill,0,/Users/siyuan/Developer/Veriedge/VeriEdge/workspace/captures/E1/t4_final_current_mixed_40_200_left_eval,/Users/siyuan/Developer/Veriedge/VeriEdge/workspace/captures/E1/t4_final_current_mixed_40_200_right_eval,hetero_qwen_torch_chain,hetero_qwen_torch_chain,True,0,C1,False,-1,,N/A
current_mixed_stack,eval_123,prefill,prefill,0,/Users/siyuan/Developer/Veriedge/VeriEdge/workspace/captures/E1/t4_final_current_mixed_40_200_left_eval,/Users/siyuan/Developer/Veriedge/VeriEdge/workspace/captures/E1/t4_final_current_mixed_40_200_right_eval,hetero_qwen_torch_chain,hetero_qwen_torch_chain,True,0,C1,False,-1,,N/A
current_mixed_stack,eval_124,prefill,prefill,0,/Users/siyuan/Developer/Veriedge/VeriEdge/workspace/captures/E1/t4_final_current_mixed_40_200_left_eval,/Users/siyuan/Developer/Veriedge/VeriEdge/workspace/captures/E1/t4_final_current_mixed_40_200_right_eval,hetero_qwen_torch_chain,hetero_qwen_torch_chain,True,0,C1,False,-1,,N/A
current_mixed_stack,eval_125,prefill,prefill,0,/Users/siyuan/Developer/Veriedge/VeriEdge/workspace/captures/E1/t4_final_current_mixed_40_200_left_eval,/Users/siyuan/Developer/Veriedge/VeriEdge/workspace/captures/E1/t4_final_current_mixed_40_200_right_eval,hetero_qwen_torch_chain,hetero_qwen_torch_chain,True,0,C1,True,0,C1,N/A
current_mixed_stack,eval_126,prefill,prefill,0,/Users/siyuan/Developer/Veriedge/VeriEdge/workspace/captures/E1/t4_final_current_mixed_40_200_left_eval,/Users/siyuan/Developer/Veriedge/VeriEdge/workspace/captures/E1/t4_final_current_mixed_40_200_right_eval,hetero_qwen_torch_chain,hetero_qwen_torch_chain,True,0,C1,False,-1,,N/A
current_mixed_stack,eval_127,prefill,prefill,0,/Users/siyuan/Developer/Veriedge/VeriEdge/workspace/captures/E1/t4_final_current_mixed_40_200_left_eval,/Users/siyuan/Developer/Veriedge/VeriEdge/workspace/captures/E1/t4_final_current_mixed_40_200_right_eval,hetero_qwen_torch_chain,hetero_qwen_torch_chain,True,0,C1,False,-1,,N/A
current_mixed_stack,eval_128,prefill,prefill,0,/Users/siyuan/Developer/Veriedge/VeriEdge/workspace/captures/E1/t4_final_current_mixed_40_200_left_eval,/Users/siyuan/Developer/Veriedge/VeriEdge/workspace/captures/E1/t4_final_current_mixed_40_200_right_eval,hetero_qwen_torch_chain,hetero_qwen_torch_chain,True,0,C1,False,-1,,N/A
current_mixed_stack,eval_129,prefill,prefill,0,/Users/siyuan/Developer/Veriedge/VeriEdge/workspace/captures/E1/t4_final_current_mixed_40_200_left_eval,/Users/siyuan/Developer/Veriedge/VeriEdge/workspace/captures/E1/t4_final_current_mixed_40_200_right_eval,hetero_qwen_torch_chain,hetero_qwen_torch_chain,True,0,C1,False,-1,,N/A
current_mixed_stack,eval_130,prefill,prefill,0,/Users/siyuan/Developer/Veriedge/VeriEdge/workspace/captures/E1/t4_final_current_mixed_40_200_left_eval,/Users/siyuan/Developer/Veriedge/VeriEdge/workspace/captures/E1/t4_final_current_mixed_40_200_right_eval,hetero_qwen_torch_chain,hetero_qwen_torch_chain,True,0,C1,False,-1,,N/A
current_mixed_stack,eval_131,prefill,prefill,0,/Users/siyuan/Developer/Veriedge/VeriEdge/workspace/captures/E1/t4_final_current_mixed_40_200_left_eval,/Users/siyuan/Developer/Veriedge/VeriEdge/workspace/captures/E1/t4_final_current_mixed_40_200_right_eval,hetero_qwen_torch_chain,hetero_qwen_torch_chain,True,0,C1,False,-1,,N/A
current_mixed_stack,eval_132,prefill,prefill,0,/Users/siyuan/Developer/Veriedge/VeriEdge/workspace/captures/E1/t4_final_current_mixed_40_200_left_eval,/Users/siyuan/Developer/Veriedge/VeriEdge/workspace/captures/E1/t4_final_current_mixed_40_200_right_eval,hetero_qwen_torch_chain,hetero_qwen_torch_chain,True,0,C1,True,2,C3,N/A
current_mixed_stack,eval_133,prefill,prefill,0,/Users/siyuan/Developer/Veriedge/VeriEdge/workspace/captures/E1/t4_final_current_mixed_40_200_left_eval,/Users/siyuan/Developer/Veriedge/VeriEdge/workspace/captures/E1/t4_final_current_mixed_40_200_right_eval,hetero_qwen_torch_chain,hetero_qwen_torch_chain,True,0,C1,False,-1,,N/A
current_mixed_stack,eval_134,prefill,prefill,0,/Users/siyuan/Developer/Veriedge/VeriEdge/workspace/captures/E1/t4_final_current_mixed_40_200_left_eval,/Users/siyuan/Developer/Veriedge/VeriEdge/workspace/captures/E1/t4_final_current_mixed_40_200_right_eval,hetero_qwen_torch_chain,hetero_qwen_torch_chain,True,0,C1,False,-1,,N/A
current_mixed_stack,eval_135,prefill,prefill,0,/Users/siyuan/Developer/Veriedge/VeriEdge/workspace/captures/E1/t4_final_current_mixed_40_200_left_eval,/Users/siyuan/Developer/Veriedge/VeriEdge/workspace/captures/E1/t4_final_current_mixed_40_200_right_eval,hetero_qwen_torch_chain,hetero_qwen_torch_chain,True,0,C1,False,-1,,N/A
current_mixed_stack,eval_136,prefill,prefill,0,/Users/siyuan/Developer/Veriedge/VeriEdge/workspace/captures/E1/t4_final_current_mixed_40_200_left_eval,/Users/siyuan/Developer/Veriedge/VeriEdge/workspace/captures/E1/t4_final_current_mixed_40_200_right_eval,hetero_qwen_torch_chain,hetero_qwen_torch_chain,True,0,C1,False,-1,,N/A
current_mixed_stack,eval_137,prefill,prefill,0,/Users/siyuan/Developer/Veriedge/VeriEdge/workspace/captures/E1/t4_final_current_mixed_40_200_left_eval,/Users/siyuan/Developer/Veriedge/VeriEdge/workspace/captures/E1/t4_final_current_mixed_40_200_right_eval,hetero_qwen_torch_chain,hetero_qwen_torch_chain,True,0,C1,False,-1,,N/A
current_mixed_stack,eval_138,prefill,prefill,0,/Users/siyuan/Developer/Veriedge/VeriEdge/workspace/captures/E1/t4_final_current_mixed_40_200_left_eval,/Users/siyuan/Developer/Veriedge/VeriEdge/workspace/captures/E1/t4_final_current_mixed_40_200_right_eval,hetero_qwen_torch_chain,hetero_qwen_torch_chain,True,0,C1,False,-1,,N/A
current_mixed_stack,eval_139,prefill,prefill,0,/Users/siyuan/Developer/Veriedge/VeriEdge/workspace/captures/E1/t4_final_current_mixed_40_200_left_eval,/Users/siyuan/Developer/Veriedge/VeriEdge/workspace/captures/E1/t4_final_current_mixed_40_200_right_eval,hetero_qwen_torch_chain,hetero_qwen_torch_chain,True,0,C1,False,-1,,N/A
current_mixed_stack,eval_140,prefill,prefill,0,/Users/siyuan/Developer/Veriedge/VeriEdge/workspace/captures/E1/t4_final_current_mixed_40_200_left_eval,/Users/siyuan/Developer/Veriedge/VeriEdge/workspace/captures/E1/t4_final_current_mixed_40_200_right_eval,hetero_qwen_torch_chain,hetero_qwen_torch_chain,True,0,C1,False,-1,,N/A
current_mixed_stack,eval_141,prefill,prefill,0,/Users/siyuan/Developer/Veriedge/VeriEdge/workspace/captures/E1/t4_final_current_mixed_40_200_left_eval,/Users/siyuan/Developer/Veriedge/VeriEdge/workspace/captures/E1/t4_final_current_mixed_40_200_right_eval,hetero_qwen_torch_chain,hetero_qwen_torch_chain,True,0,C1,False,-1,,N/A
current_mixed_stack,eval_142,prefill,prefill,0,/Users/siyuan/Developer/Veriedge/VeriEdge/workspace/captures/E1/t4_final_current_mixed_40_200_left_eval,/Users/siyuan/Developer/Veriedge/VeriEdge/workspace/captures/E1/t4_final_current_mixed_40_200_right_eval,hetero_qwen_torch_chain,hetero_qwen_torch_chain,True,0,C1,False,-1,,N/A
current_mixed_stack,eval_143,prefill,prefill,0,/Users/siyuan/Developer/Veriedge/VeriEdge/workspace/captures/E1/t4_final_current_mixed_40_200_left_eval,/Users/siyuan/Developer/Veriedge/VeriEdge/workspace/captures/E1/t4_final_current_mixed_40_200_right_eval,hetero_qwen_torch_chain,hetero_qwen_torch_chain,True,0,C1,False,-1,,N/A
current_mixed_stack,eval_144,prefill,prefill,0,/Users/siyuan/Developer/Veriedge/VeriEdge/workspace/captures/E1/t4_final_current_mixed_40_200_left_eval,/Users/siyuan/Developer/Veriedge/VeriEdge/workspace/captures/E1/t4_final_current_mixed_40_200_right_eval,hetero_qwen_torch_chain,hetero_qwen_torch_chain,True,0,C1,False,-1,,N/A
current_mixed_stack,eval_145,prefill,prefill,0,/Users/siyuan/Developer/Veriedge/VeriEdge/workspace/captures/E1/t4_final_current_mixed_40_200_left_eval,/Users/siyuan/Developer/Veriedge/VeriEdge/workspace/captures/E1/t4_final_current_mixed_40_200_right_eval,hetero_qwen_torch_chain,hetero_qwen_torch_chain,True,0,C1,False,-1,,N/A
current_mixed_stack,eval_146,prefill,prefill,0,/Users/siyuan/Developer/Veriedge/VeriEdge/workspace/captures/E1/t4_final_current_mixed_40_200_left_eval,/Users/siyuan/Developer/Veriedge/VeriEdge/workspace/captures/E1/t4_final_current_mixed_40_200_right_eval,hetero_qwen_torch_chain,hetero_qwen_torch_chain,True,0,C1,True,2,C3,N/A
current_mixed_stack,eval_147,prefill,prefill,0,/Users/siyuan/Developer/Veriedge/VeriEdge/workspace/captures/E1/t4_final_current_mixed_40_200_left_eval,/Users/siyuan/Developer/Veriedge/VeriEdge/workspace/captures/E1/t4_final_current_mixed_40_200_right_eval,hetero_qwen_torch_chain,hetero_qwen_torch_chain,True,0,C1,False,-1,,N/A
current_mixed_stack,eval_148,prefill,prefill,0,/Users/siyuan/Developer/Veriedge/VeriEdge/workspace/captures/E1/t4_final_current_mixed_40_200_left_eval,/Users/siyuan/Developer/Veriedge/VeriEdge/workspace/captures/E1/t4_final_current_mixed_40_200_right_eval,hetero_qwen_torch_chain,hetero_qwen_torch_chain,True,0,C1,False,-1,,N/A
current_mixed_stack,eval_149,prefill,prefill,0,/Users/siyuan/Developer/Veriedge/VeriEdge/workspace/captures/E1/t4_final_current_mixed_40_200_left_eval,/Users/siyuan/Developer/Veriedge/VeriEdge/workspace/captures/E1/t4_final_current_mixed_40_200_right_eval,hetero_qwen_torch_chain,hetero_qwen_torch_chain,True,0,C1,False,-1,,N/A
current_mixed_stack,eval_150,prefill,prefill,0,/Users/siyuan/Developer/Veriedge/VeriEdge/workspace/captures/E1/t4_final_current_mixed_40_200_left_eval,/Users/siyuan/Developer/Veriedge/VeriEdge/workspace/captures/E1/t4_final_current_mixed_40_200_right_eval,hetero_qwen_torch_chain,hetero_qwen_torch_chain,True,0,C1,False,-1,,N/A
current_mixed_stack,eval_151,prefill,prefill,0,/Users/siyuan/Developer/Veriedge/VeriEdge/workspace/captures/E1/t4_final_current_mixed_40_200_left_eval,/Users/siyuan/Developer/Veriedge/VeriEdge/workspace/captures/E1/t4_final_current_mixed_40_200_right_eval,hetero_qwen_torch_chain,hetero_qwen_torch_chain,True,0,C1,True,2,C3,N/A
current_mixed_stack,eval_152,prefill,prefill,0,/Users/siyuan/Developer/Veriedge/VeriEdge/workspace/captures/E1/t4_final_current_mixed_40_200_left_eval,/Users/siyuan/Developer/Veriedge/VeriEdge/workspace/captures/E1/t4_final_current_mixed_40_200_right_eval,hetero_qwen_torch_chain,hetero_qwen_torch_chain,True,0,C1,False,-1,,N/A
current_mixed_stack,eval_153,prefill,prefill,0,/Users/siyuan/Developer/Veriedge/VeriEdge/workspace/captures/E1/t4_final_current_mixed_40_200_left_eval,/Users/siyuan/Developer/Veriedge/VeriEdge/workspace/captures/E1/t4_final_current_mixed_40_200_right_eval,hetero_qwen_torch_chain,hetero_qwen_torch_chain,True,0,C1,False,-1,,N/A
current_mixed_stack,eval_154,prefill,prefill,0,/Users/siyuan/Developer/Veriedge/VeriEdge/workspace/captures/E1/t4_final_current_mixed_40_200_left_eval,/Users/siyuan/Developer/Veriedge/VeriEdge/workspace/captures/E1/t4_final_current_mixed_40_200_right_eval,hetero_qwen_torch_chain,hetero_qwen_torch_chain,True,0,C1,False,-1,,N/A
current_mixed_stack,eval_155,prefill,prefill,0,/Users/siyuan/Developer/Veriedge/VeriEdge/workspace/captures/E1/t4_final_current_mixed_40_200_left_eval,/Users/siyuan/Developer/Veriedge/VeriEdge/workspace/captures/E1/t4_final_current_mixed_40_200_right_eval,hetero_qwen_torch_chain,hetero_qwen_torch_chain,True,0,C1,False,-1,,N/A
current_mixed_stack,eval_156,prefill,prefill,0,/Users/siyuan/Developer/Veriedge/VeriEdge/workspace/captures/E1/t4_final_current_mixed_40_200_left_eval,/Users/siyuan/Developer/Veriedge/VeriEdge/workspace/captures/E1/t4_final_current_mixed_40_200_right_eval,hetero_qwen_torch_chain,hetero_qwen_torch_chain,True,0,C1,False,-1,,N/A
current_mixed_stack,eval_157,prefill,prefill,0,/Users/siyuan/Developer/Veriedge/VeriEdge/workspace/captures/E1/t4_final_current_mixed_40_200_left_eval,/Users/siyuan/Developer/Veriedge/VeriEdge/workspace/captures/E1/t4_final_current_mixed_40_200_right_eval,hetero_qwen_torch_chain,hetero_qwen_torch_chain,True,0,C1,False,-1,,N/A
current_mixed_stack,eval_158,prefill,prefill,0,/Users/siyuan/Developer/Veriedge/VeriEdge/workspace/captures/E1/t4_final_current_mixed_40_200_left_eval,/Users/siyuan/Developer/Veriedge/VeriEdge/workspace/captures/E1/t4_final_current_mixed_40_200_right_eval,hetero_qwen_torch_chain,hetero_qwen_torch_chain,True,0,C1,False,-1,,N/A
current_mixed_stack,eval_159,prefill,prefill,0,/Users/siyuan/Developer/Veriedge/VeriEdge/workspace/captures/E1/t4_final_current_mixed_40_200_left_eval,/Users/siyuan/Developer/Veriedge/VeriEdge/workspace/captures/E1/t4_final_current_mixed_40_200_right_eval,hetero_qwen_torch_chain,hetero_qwen_torch_chain,True,0,C1,False,-1,,N/A
current_mixed_stack,eval_160,prefill,prefill,0,/Users/siyuan/Developer/Veriedge/VeriEdge/workspace/captures/E1/t4_final_current_mixed_40_200_left_eval,/Users/siyuan/Developer/Veriedge/VeriEdge/workspace/captures/E1/t4_final_current_mixed_40_200_right_eval,hetero_qwen_torch_chain,hetero_qwen_torch_chain,True,0,C1,False,-1,,N/A
current_mixed_stack,eval_161,prefill,prefill,0,/Users/siyuan/Developer/Veriedge/VeriEdge/workspace/captures/E1/t4_final_current_mixed_40_200_left_eval,/Users/siyuan/Developer/Veriedge/VeriEdge/workspace/captures/E1/t4_final_current_mixed_40_200_right_eval,hetero_qwen_torch_chain,hetero_qwen_torch_chain,True,0,C1,False,-1,,N/A
current_mixed_stack,eval_162,prefill,prefill,0,/Users/siyuan/Developer/Veriedge/VeriEdge/workspace/captures/E1/t4_final_current_mixed_40_200_left_eval,/Users/siyuan/Developer/Veriedge/VeriEdge/workspace/captures/E1/t4_final_current_mixed_40_200_right_eval,hetero_qwen_torch_chain,hetero_qwen_torch_chain,True,0,C1,False,-1,,N/A
current_mixed_stack,eval_163,prefill,prefill,0,/Users/siyuan/Developer/Veriedge/VeriEdge/workspace/captures/E1/t4_final_current_mixed_40_200_left_eval,/Users/siyuan/Developer/Veriedge/VeriEdge/workspace/captures/E1/t4_final_current_mixed_40_200_right_eval,hetero_qwen_torch_chain,hetero_qwen_torch_chain,True,0,C1,False,-1,,N/A
current_mixed_stack,eval_164,prefill,prefill,0,/Users/siyuan/Developer/Veriedge/VeriEdge/workspace/captures/E1/t4_final_current_mixed_40_200_left_eval,/Users/siyuan/Developer/Veriedge/VeriEdge/workspace/captures/E1/t4_final_current_mixed_40_200_right_eval,hetero_qwen_torch_chain,hetero_qwen_torch_chain,True,0,C1,False,-1,,N/A
current_mixed_stack,eval_165,prefill,prefill,0,/Users/siyuan/Developer/Veriedge/VeriEdge/workspace/captures/E1/t4_final_current_mixed_40_200_left_eval,/Users/siyuan/Developer/Veriedge/VeriEdge/workspace/captures/E1/t4_final_current_mixed_40_200_right_eval,hetero_qwen_torch_chain,hetero_qwen_torch_chain,True,0,C1,False,-1,,N/A
current_mixed_stack,eval_166,prefill,prefill,0,/Users/siyuan/Developer/Veriedge/VeriEdge/workspace/captures/E1/t4_final_current_mixed_40_200_left_eval,/Users/siyuan/Developer/Veriedge/VeriEdge/workspace/captures/E1/t4_final_current_mixed_40_200_right_eval,hetero_qwen_torch_chain,hetero_qwen_torch_chain,True,0,C1,False,-1,,N/A
current_mixed_stack,eval_167,prefill,prefill,0,/Users/siyuan/Developer/Veriedge/VeriEdge/workspace/captures/E1/t4_final_current_mixed_40_200_left_eval,/Users/siyuan/Developer/Veriedge/VeriEdge/workspace/captures/E1/t4_final_current_mixed_40_200_right_eval,hetero_qwen_torch_chain,hetero_qwen_torch_chain,True,0,C1,False,-1,,N/A
current_mixed_stack,eval_168,prefill,prefill,0,/Users/siyuan/Developer/Veriedge/VeriEdge/workspace/captures/E1/t4_final_current_mixed_40_200_left_eval,/Users/siyuan/Developer/Veriedge/VeriEdge/workspace/captures/E1/t4_final_current_mixed_40_200_right_eval,hetero_qwen_torch_chain,hetero_qwen_torch_chain,True,0,C1,False,-1,,N/A
current_mixed_stack,eval_169,prefill,prefill,0,/Users/siyuan/Developer/Veriedge/VeriEdge/workspace/captures/E1/t4_final_current_mixed_40_200_left_eval,/Users/siyuan/Developer/Veriedge/VeriEdge/workspace/captures/E1/t4_final_current_mixed_40_200_right_eval,hetero_qwen_torch_chain,hetero_qwen_torch_chain,True,0,C1,False,-1,,N/A
current_mixed_stack,eval_170,prefill,prefill,0,/Users/siyuan/Developer/Veriedge/VeriEdge/workspace/captures/E1/t4_final_current_mixed_40_200_left_eval,/Users/siyuan/Developer/Veriedge/VeriEdge/workspace/captures/E1/t4_final_current_mixed_40_200_right_eval,hetero_qwen_torch_chain,hetero_qwen_torch_chain,True,0,C1,False,-1,,N/A
current_mixed_stack,eval_171,prefill,prefill,0,/Users/siyuan/Developer/Veriedge/VeriEdge/workspace/captures/E1/t4_final_current_mixed_40_200_left_eval,/Users/siyuan/Developer/Veriedge/VeriEdge/workspace/captures/E1/t4_final_current_mixed_40_200_right_eval,hetero_qwen_torch_chain,hetero_qwen_torch_chain,True,0,C1,False,-1,,N/A
current_mixed_stack,eval_172,prefill,prefill,0,/Users/siyuan/Developer/Veriedge/VeriEdge/workspace/captures/E1/t4_final_current_mixed_40_200_left_eval,/Users/siyuan/Developer/Veriedge/VeriEdge/workspace/captures/E1/t4_final_current_mixed_40_200_right_eval,hetero_qwen_torch_chain,hetero_qwen_torch_chain,True,0,C1,False,-1,,N/A
current_mixed_stack,eval_173,prefill,prefill,0,/Users/siyuan/Developer/Veriedge/VeriEdge/workspace/captures/E1/t4_final_current_mixed_40_200_left_eval,/Users/siyuan/Developer/Veriedge/VeriEdge/workspace/captures/E1/t4_final_current_mixed_40_200_right_eval,hetero_qwen_torch_chain,hetero_qwen_torch_chain,True,0,C1,False,-1,,N/A
current_mixed_stack,eval_174,prefill,prefill,0,/Users/siyuan/Developer/Veriedge/VeriEdge/workspace/captures/E1/t4_final_current_mixed_40_200_left_eval,/Users/siyuan/Developer/Veriedge/VeriEdge/workspace/captures/E1/t4_final_current_mixed_40_200_right_eval,hetero_qwen_torch_chain,hetero_qwen_torch_chain,True,0,C1,False,-1,,N/A
current_mixed_stack,eval_175,prefill,prefill,0,/Users/siyuan/Developer/Veriedge/VeriEdge/workspace/captures/E1/t4_final_current_mixed_40_200_left_eval,/Users/siyuan/Developer/Veriedge/VeriEdge/workspace/captures/E1/t4_final_current_mixed_40_200_right_eval,hetero_qwen_torch_chain,hetero_qwen_torch_chain,True,0,C1,False,-1,,N/A
current_mixed_stack,eval_176,prefill,prefill,0,/Users/siyuan/Developer/Veriedge/VeriEdge/workspace/captures/E1/t4_final_current_mixed_40_200_left_eval,/Users/siyuan/Developer/Veriedge/VeriEdge/workspace/captures/E1/t4_final_current_mixed_40_200_right_eval,hetero_qwen_torch_chain,hetero_qwen_torch_chain,True,0,C1,False,-1,,N/A
current_mixed_stack,eval_177,prefill,prefill,0,/Users/siyuan/Developer/Veriedge/VeriEdge/workspace/captures/E1/t4_final_current_mixed_40_200_left_eval,/Users/siyuan/Developer/Veriedge/VeriEdge/workspace/captures/E1/t4_final_current_mixed_40_200_right_eval,hetero_qwen_torch_chain,hetero_qwen_torch_chain,True,0,C1,False,-1,,N/A
current_mixed_stack,eval_178,prefill,prefill,0,/Users/siyuan/Developer/Veriedge/VeriEdge/workspace/captures/E1/t4_final_current_mixed_40_200_left_eval,/Users/siyuan/Developer/Veriedge/VeriEdge/workspace/captures/E1/t4_final_current_mixed_40_200_right_eval,hetero_qwen_torch_chain,hetero_qwen_torch_chain,True,0,C1,False,-1,,N/A
current_mixed_stack,eval_179,prefill,prefill,0,/Users/siyuan/Developer/Veriedge/VeriEdge/workspace/captures/E1/t4_final_current_mixed_40_200_left_eval,/Users/siyuan/Developer/Veriedge/VeriEdge/workspace/captures/E1/t4_final_current_mixed_40_200_right_eval,hetero_qwen_torch_chain,hetero_qwen_torch_chain,True,0,C1,False,-1,,N/A
current_mixed_stack,eval_180,prefill,prefill,0,/Users/siyuan/Developer/Veriedge/VeriEdge/workspace/captures/E1/t4_final_current_mixed_40_200_left_eval,/Users/siyuan/Developer/Veriedge/VeriEdge/workspace/captures/E1/t4_final_current_mixed_40_200_right_eval,hetero_qwen_torch_chain,hetero_qwen_torch_chain,True,0,C1,False,-1,,N/A
current_mixed_stack,eval_181,prefill,prefill,0,/Users/siyuan/Developer/Veriedge/VeriEdge/workspace/captures/E1/t4_final_current_mixed_40_200_left_eval,/Users/siyuan/Developer/Veriedge/VeriEdge/workspace/captures/E1/t4_final_current_mixed_40_200_right_eval,hetero_qwen_torch_chain,hetero_qwen_torch_chain,True,0,C1,False,-1,,N/A
current_mixed_stack,eval_182,prefill,prefill,0,/Users/siyuan/Developer/Veriedge/VeriEdge/workspace/captures/E1/t4_final_current_mixed_40_200_left_eval,/Users/siyuan/Developer/Veriedge/VeriEdge/workspace/captures/E1/t4_final_current_mixed_40_200_right_eval,hetero_qwen_torch_chain,hetero_qwen_torch_chain,True,0,C1,False,-1,,N/A
current_mixed_stack,eval_183,prefill,prefill,0,/Users/siyuan/Developer/Veriedge/VeriEdge/workspace/captures/E1/t4_final_current_mixed_40_200_left_eval,/Users/siyuan/Developer/Veriedge/VeriEdge/workspace/captures/E1/t4_final_current_mixed_40_200_right_eval,hetero_qwen_torch_chain,hetero_qwen_torch_chain,True,0,C1,False,-1,,N/A
current_mixed_stack,eval_184,prefill,prefill,0,/Users/siyuan/Developer/Veriedge/VeriEdge/workspace/captures/E1/t4_final_current_mixed_40_200_left_eval,/Users/siyuan/Developer/Veriedge/VeriEdge/workspace/captures/E1/t4_final_current_mixed_40_200_right_eval,hetero_qwen_torch_chain,hetero_qwen_torch_chain,True,0,C1,False,-1,,N/A
current_mixed_stack,eval_185,prefill,prefill,0,/Users/siyuan/Developer/Veriedge/VeriEdge/workspace/captures/E1/t4_final_current_mixed_40_200_left_eval,/Users/siyuan/Developer/Veriedge/VeriEdge/workspace/captures/E1/t4_final_current_mixed_40_200_right_eval,hetero_qwen_torch_chain,hetero_qwen_torch_chain,True,0,C1,False,-1,,N/A
current_mixed_stack,eval_186,prefill,prefill,0,/Users/siyuan/Developer/Veriedge/VeriEdge/workspace/captures/E1/t4_final_current_mixed_40_200_left_eval,/Users/siyuan/Developer/Veriedge/VeriEdge/workspace/captures/E1/t4_final_current_mixed_40_200_right_eval,hetero_qwen_torch_chain,hetero_qwen_torch_chain,True,0,C1,False,-1,,N/A
current_mixed_stack,eval_187,prefill,prefill,0,/Users/siyuan/Developer/Veriedge/VeriEdge/workspace/captures/E1/t4_final_current_mixed_40_200_left_eval,/Users/siyuan/Developer/Veriedge/VeriEdge/workspace/captures/E1/t4_final_current_mixed_40_200_right_eval,hetero_qwen_torch_chain,hetero_qwen_torch_chain,True,0,C1,False,-1,,N/A
current_mixed_stack,eval_188,prefill,prefill,0,/Users/siyuan/Developer/Veriedge/VeriEdge/workspace/captures/E1/t4_final_current_mixed_40_200_left_eval,/Users/siyuan/Developer/Veriedge/VeriEdge/workspace/captures/E1/t4_final_current_mixed_40_200_right_eval,hetero_qwen_torch_chain,hetero_qwen_torch_chain,True,0,C1,False,-1,,N/A
current_mixed_stack,eval_189,prefill,prefill,0,/Users/siyuan/Developer/Veriedge/VeriEdge/workspace/captures/E1/t4_final_current_mixed_40_200_left_eval,/Users/siyuan/Developer/Veriedge/VeriEdge/workspace/captures/E1/t4_final_current_mixed_40_200_right_eval,hetero_qwen_torch_chain,hetero_qwen_torch_chain,True,0,C1,True,2,C3,N/A
current_mixed_stack,eval_190,prefill,prefill,0,/Users/siyuan/Developer/Veriedge/VeriEdge/workspace/captures/E1/t4_final_current_mixed_40_200_left_eval,/Users/siyuan/Developer/Veriedge/VeriEdge/workspace/captures/E1/t4_final_current_mixed_40_200_right_eval,hetero_qwen_torch_chain,hetero_qwen_torch_chain,True,0,C1,False,-1,,N/A
current_mixed_stack,eval_191,prefill,prefill,0,/Users/siyuan/Developer/Veriedge/VeriEdge/workspace/captures/E1/t4_final_current_mixed_40_200_left_eval,/Users/siyuan/Developer/Veriedge/VeriEdge/workspace/captures/E1/t4_final_current_mixed_40_200_right_eval,hetero_qwen_torch_chain,hetero_qwen_torch_chain,True,0,C1,False,-1,,N/A
current_mixed_stack,eval_192,prefill,prefill,0,/Users/siyuan/Developer/Veriedge/VeriEdge/workspace/captures/E1/t4_final_current_mixed_40_200_left_eval,/Users/siyuan/Developer/Veriedge/VeriEdge/workspace/captures/E1/t4_final_current_mixed_40_200_right_eval,hetero_qwen_torch_chain,hetero_qwen_torch_chain,True,0,C1,False,-1,,N/A
current_mixed_stack,eval_193,prefill,prefill,0,/Users/siyuan/Developer/Veriedge/VeriEdge/workspace/captures/E1/t4_final_current_mixed_40_200_left_eval,/Users/siyuan/Developer/Veriedge/VeriEdge/workspace/captures/E1/t4_final_current_mixed_40_200_right_eval,hetero_qwen_torch_chain,hetero_qwen_torch_chain,True,0,C1,False,-1,,N/A
current_mixed_stack,eval_194,prefill,prefill,0,/Users/siyuan/Developer/Veriedge/VeriEdge/workspace/captures/E1/t4_final_current_mixed_40_200_left_eval,/Users/siyuan/Developer/Veriedge/VeriEdge/workspace/captures/E1/t4_final_current_mixed_40_200_right_eval,hetero_qwen_torch_chain,hetero_qwen_torch_chain,True,0,C1,False,-1,,N/A
current_mixed_stack,eval_195,prefill,prefill,0,/Users/siyuan/Developer/Veriedge/VeriEdge/workspace/captures/E1/t4_final_current_mixed_40_200_left_eval,/Users/siyuan/Developer/Veriedge/VeriEdge/workspace/captures/E1/t4_final_current_mixed_40_200_right_eval,hetero_qwen_torch_chain,hetero_qwen_torch_chain,True,0,C1,False,-1,,N/A
current_mixed_stack,eval_196,prefill,prefill,0,/Users/siyuan/Developer/Veriedge/VeriEdge/workspace/captures/E1/t4_final_current_mixed_40_200_left_eval,/Users/siyuan/Developer/Veriedge/VeriEdge/workspace/captures/E1/t4_final_current_mixed_40_200_right_eval,hetero_qwen_torch_chain,hetero_qwen_torch_chain,True,0,C1,False,-1,,N/A
current_mixed_stack,eval_197,prefill,prefill,0,/Users/siyuan/Developer/Veriedge/VeriEdge/workspace/captures/E1/t4_final_current_mixed_40_200_left_eval,/Users/siyuan/Developer/Veriedge/VeriEdge/workspace/captures/E1/t4_final_current_mixed_40_200_right_eval,hetero_qwen_torch_chain,hetero_qwen_torch_chain,True,0,C1,False,-1,,N/A
current_mixed_stack,eval_198,prefill,prefill,0,/Users/siyuan/Developer/Veriedge/VeriEdge/workspace/captures/E1/t4_final_current_mixed_40_200_left_eval,/Users/siyuan/Developer/Veriedge/VeriEdge/workspace/captures/E1/t4_final_current_mixed_40_200_right_eval,hetero_qwen_torch_chain,hetero_qwen_torch_chain,True,0,C1,False,-1,,N/A
current_mixed_stack,eval_199,prefill,prefill,0,/Users/siyuan/Developer/Veriedge/VeriEdge/workspace/captures/E1/t4_final_current_mixed_40_200_left_eval,/Users/siyuan/Developer/Veriedge/VeriEdge/workspace/captures/E1/t4_final_current_mixed_40_200_right_eval,hetero_qwen_torch_chain,hetero_qwen_torch_chain,True,0,C1,False,-1,,N/A
current_mixed_stack,eval_200,prefill,prefill,0,/Users/siyuan/Developer/Veriedge/VeriEdge/workspace/captures/E1/t4_final_current_mixed_40_200_left_eval,/Users/siyuan/Developer/Veriedge/VeriEdge/workspace/captures/E1/t4_final_current_mixed_40_200_right_eval,hetero_qwen_torch_chain,hetero_qwen_torch_chain,True,0,C1,False,-1,,N/A
